Entry	Entry name	Status	Protein names	Gene names	Organism	Length	Mass	Stoichiometry	Sequence	EC number	Catalytic activity	Cofactor	Organism ID
Q0K5Z9	EFTU_CUPNH	reviewed	Elongation factor Tu (EF-Tu)	tuf1 tufA H16_A3491; tuf2 tufB H16_A3505	Cupriavidus necator (strain ATCC 17699 / H16 / DSM 428 / Stanier 337) (Ralstonia eutropha)	396	43046	1	MAKEKFERTKPHVNVGTIGHVDHGKTTLTAAIATVLAAKFGGAAKKYDEIDAAPEEKARGITINTAHVEYETANRHYAHVDCPGHADYVKNMITGAAQMDGAILVCSAADGPMPQTREHILLARQVGVPYIIVFLNKCDMVDDAELLELVEMEVRELLSKYEFPGDDTPIIKGSAKLALEGDKGELGEVAIMNLADALDTYIPTPERAVDGTFLMPVEDVFSISGRGTVVTGRIERGVVKVGEEIEIVGIKPTVKTTCTGVEMFRKLLDQGQAGDNVGLLLRGTKREDVERGQVLCKPGSIKPHTHFTGEVYILSKDEGGRHTPFFNNYRPQFYFRTTDVTGSIELPKDKEMVMPGDNVSITVKLIAPIAMEEGLRFAIREGGRTVGAGVVAKILD				381666
Q0K8N0	LEPA_CUPNH	reviewed	Elongation factor 4 (EF-4) (EC 3.6.5.n1) (Ribosomal back-translocase LepA)	lepA H16_A2558	Cupriavidus necator (strain ATCC 17699 / H16 / DSM 428 / Stanier 337) (Ralstonia eutropha)	597	65911	1	MDHIRNFSIIAHIDHGKSTLADRIIQLCGGLSDREMEAQVLDSMDIEKERGITIKAQTAALSYKARDGKVYNLNLIDTPGHVDFSYEVSRSLSACEGALLVVDASQGVEAQTVANCYTAIELGVEVVPVLNKIDLPQADPDNAIQEIEDVIGIDAQDATPCSAKTGQGVQDVIEALIAKVPPPEGDADAPLQALIIDSWFDNYVGVVMLVRVVNGTLRPKDKVLLMANGSQHLVEQVGVFTPKSIPRDALTAGQVGFVIAGIKELKAAKVGDTITTMQRKAEAPLPGFKEVKPQVFAGLYPVEANQYEALRESLEKLRLNDASLMFEPEVSQALGFGFRCGFLGLLHMEIVQERLEREFDMDLITTAPTVVYQVEMRDGTVITVENPAKMPDPSKIEAILEPIVTVNLYMPQEYVGSVITLCTQKRGSQINMSYHGKQVQLTYEIPMAEIVMDFFDRLKSVSRGYASMDYEFKEYRPSDVVKVDILINSDKVDALSVIVHRSNSQYRGREVAAKMREIIPRQMYDVAIQAAIGANIIARENVKALRKNVLAKCYGGDITRKKKLLEKQKAGKKRMKQVGTVEIPQEAFLAILQVDDK	3.6.5.n1	CATALYTIC ACTIVITY: Reaction=GTP + H2O = GDP + H(+) + phosphate; Xref=Rhea:RHEA:19669, ChEBI:CHEBI:15377, ChEBI:CHEBI:15378, ChEBI:CHEBI:37565, ChEBI:CHEBI:43474, ChEBI:CHEBI:58189; EC=3.6.5.n1; Evidence={ECO:0000255|HAMAP-Rule:MF_00071};		381666
Q0K603	RL1_CUPNH	reviewed	50S ribosomal protein L1	rplA H16_A3500	Cupriavidus necator (strain ATCC 17699 / H16 / DSM 428 / Stanier 337) (Ralstonia eutropha)	231	23967	1	MAKVSKRVAANKAKIERTKFYPIDEALGLVKGCASAKFDESIDVAVQLGIDAKKSDQVVRGSVVLPAGTGKSVRVAVFAQGEKAEAAKAAGADIVGMEDLAEQVKAGNLNFDVVIASPDTMRIVGTLGQILGPRGLMPNPKVGTVTPDVAQAVKNAKAGQVQFRVDKAGIIHATIGRRSFDDAALKSNLSALLEALVKSKPATSKGVYLRKIAVSSTMGVGVRVEQASLSA				381666
Q0JY21	RF3_CUPNH	reviewed	Peptide chain release factor 3 (RF-3)	prfC H16_B2571	Cupriavidus necator (strain ATCC 17699 / H16 / DSM 428 / Stanier 337) (Ralstonia eutropha)	533	59314	1	MSSLVSEIARRRTFAIISHPDAGKTTLTEKLLWFGGAIQVAGEVRARKADRHATSDWMELEKQRGISVTSSVMQFPYRRETADGKAQENIVNLLDTPGHEDFSEDTYRTLTAVDSAVMVIDSVNGVEAQTIKLLNVCRLRDTPILTFINKLDREGRSPIELLDEIEEVLQIQCAPMTWPIGMGKAFRGVYHLINDKVQLFDPHGEKGTAAILDGLDNPELDRILGSQAEELRIEIELVRGASHTFDKDAFLNGKQTPVYFGSAINNFGVQSLLDALCELSPPPLARNTDSRVVEPQEPKFTGFVFKIQANMDPRHRDRIAFVRVCSGRFERGMKLLHVSAGKTVAINNAITFMAQDRNTTEEAYAGDIIGVPNHGTIRLGDVFTEGEPLKFTGIPSFAPEFFRRARLNNPLKVKQLQKGLQQLAEEGATQMFRPLASNDLVLGAVGILQFDVVAHRLEHEYGVDAIFESHECATARWLKGTPAEIEKLIAKAGHNVALDGAGDHVYLAPSMVNLRLTQERFPELQFMETREIV				381666
Q0K9B9	IF2_CUPNH	reviewed	Translation initiation factor IF-2	infB H16_A2306	Cupriavidus necator (strain ATCC 17699 / H16 / DSM 428 / Stanier 337) (Ralstonia eutropha)	962	103710	1	MASTTVAQLAAELSRSAAALLEQLQAAGVGKATPEDIITESDKTRLLDYLKRSHGQADDSSRKKITLTKRETSEIRQSDGTGKTRTVQVEVRKKRVLIKRDEAAPDAQADAVEAQAPVVDAVEEARRDEEERQQAELLARQEAEAKAAREAAEREEAERRARQEALEAEQRRQAELAARKAEEEAAASRAVTEANEDSSRKKAEDEKARVTAERAEAQKAADEAKAAADKARAEQEVAARKRREAAEAEARAIQQMLNAPPRVLKAPSERKAEEKKAEQTGTLHKPVKPAGATTEAKKDEKKPATTTTTTATADKKGKVVKAGWQDDSSRKKGSGLKTRGDTSGGVGGWRGGPRGRGGRQQQHDDSRSSFQAPTEPVVREVHVPETVSVADLAHKMAVKASEVIKQMMKLGQMVTINQVLDQETAMIVVEEMGHKAYAAKLDDPEALLVVGGEEHTDAELLPRPPVVTVMGHVDHGKTSLLDYIRRTKVAAGEAGGITQHIGAYHVETDRGVITFLDTPGHEAFTAMRARGAKATDIVILVVAADDGVMPQTKEAIAHAKAAGVPIVVAINKIDKPDANPDRVKQELVAEQVVPEEYGGDSPFVPVSAKMGTGVEDLLEQVLLQAEVLELTAPVDAPAKGLVVEAQLDKGKGPIATILVSSGTLKRGDVVLAGSAYGRVRAMLDENGKPTKEAGPSIPVEIQGLSEVPAAGEEVLVLPDERKAREIALFRQGKFRDVKLAKQQAAKLENMLEQMAEGEVQTLPLIVKADVQGSQEALVQSLQKLSTAEVRVQIVHGGVGGISESDVNLATASKAVIIGFNVRADAGARKLAEHNGIDIRYYNIIYDAVDEIKAAMSGMLAPEKRETTIGQVEVRQVFRVPKIGAVAGCMVTDGLVKRNSLVRVLRNNVVIHDGELDSLKRFKDDVKEVKQGFECGLSIKNFNDVQEGDQLEVYEITEVARTL				381666
Q0K609	RS12_CUPNH	reviewed	30S ribosomal protein S12	rpsL H16_A3494	Cupriavidus necator (strain ATCC 17699 / H16 / DSM 428 / Stanier 337) (Ralstonia eutropha)	125	13898	1	MPTINQLVRKPRVSEVVKSKSPALENCPQRRGVCTRVYTTTPKKPNSALRKVAKVRLTNGFEVISYIGGEGHNLQEHSVVLIRGGRVKDLPGVRYHIVRGSLDLQGVKDRKQARSKYGAKRPKAA				381666
Q0K636	RS5_CUPNH	reviewed	30S ribosomal protein S5	rpsE H16_A3467	Cupriavidus necator (strain ATCC 17699 / H16 / DSM 428 / Stanier 337) (Ralstonia eutropha)	172	18239	1	MAKMQAKVQQDERDDGLREKMISVNRVTKVVKGGRILGFAALTVVGDGDGRIGMGKGKAKEVPVAVQKAMDEARRKMVKVSLKNGTLQHEVVGKHGAAKVLMMPAKEGTGVIAGGPMRAIFEVMGVTNVVTKSHGSTNPYNMVRATLDGLQKMSTPGEIAAKRGKSVEDILG				381666
Q0KEP9	RL25_CUPNH	reviewed	50S ribosomal protein L25 (General stress protein CTC)	rplY ctc H16_A0371	Cupriavidus necator (strain ATCC 17699 / H16 / DSM 428 / Stanier 337) (Ralstonia eutropha)	205	21920	1	MKVVAFERSVQGTGASRRLRNSGKTPGIIYGGAAEPKMIELDHNALWHALKKEAFHSSILELEVAGKSEQALLRAFQMHPFKPLVLHVDFQRVSANDKIHVKVPLHFMNQETAPGVKLGHGIVNHILNDLEVSCLPADLPEFIEVDLAAVELNQTVHLSDIKLPKGVTVITHGDDNPAVASISQPAGAVSEAAEGGEAAGETPAA				381666
Q0K640	IF12_CUPNH	reviewed	Translation initiation factor IF-1 2	infA2 infA1 H16_A3463	Cupriavidus necator (strain ATCC 17699 / H16 / DSM 428 / Stanier 337) (Ralstonia eutropha)	72	8225	1	MAKDDVIQMQGEVLENLPNATFRVKLENGHVVLGHISGKMRMNYIRILPGDKVTVELTPYDLSRARIVFRTK				381666
Q0JZW8	IF13_CUPNH	reviewed	Translation initiation factor IF-1 3	infA3 infA2 H16_B1924	Cupriavidus necator (strain ATCC 17699 / H16 / DSM 428 / Stanier 337) (Ralstonia eutropha)	73	8472	1	MAKEELVEFGGKVSEVLPDNRFRVILENGFEVWAYSSGRLKKNRIRVLAGDRVTLEMSPYDLTKGRINYRHKS				381666
Q0K8Z9	IF11_CUPNH	reviewed	Translation initiation factor IF-1 1	infA1 infA3 H16_A2433	Cupriavidus necator (strain ATCC 17699 / H16 / DSM 428 / Stanier 337) (Ralstonia eutropha)	73	8394	1	MAKEELIEFGGVVSEALPDNRYRVTLENGVEIWAYASGKMQKHRIRILAGDRVTLEMSPYDLTKGRINFRHKS				381666
Q0K644	RS4_CUPNH	reviewed	30S ribosomal protein S4	rpsD H16_A3459	Cupriavidus necator (strain ATCC 17699 / H16 / DSM 428 / Stanier 337) (Ralstonia eutropha)	207	23306	1	MARYTGPKAKLSRREGTDLFLKSARRSLADKCKLDSKPGQHGRTSGARTSDYGNQLREKQKVKRIYGVLERQFRRYFAEADRRKGNTGENLLQLLESRLDNVVYRMGFGSTRAEARQLVSHKAILVNGQTLNVPSAQIKSGDVVTIREQSKKQVRIAEALSLAEQSGFPTWVAVDSKKFEGTFKQVPDRADISGDINESLIVELYSR				381666
Q0K624	RL22_CUPNH	reviewed	50S ribosomal protein L22	rplV H16_A3479	Cupriavidus necator (strain ATCC 17699 / H16 / DSM 428 / Stanier 337) (Ralstonia eutropha)	109	11916	1	MEVKAIHRGARISAQKTRLVADQIRGLPIERALNVLTFSPKKAAGIVKKVVESAIANAEHNEGADIDELKVKSIFVDKATSLKRFTARAKGRGNRIEKQTCHITVTLGN				381666
Q0K625	RS3_CUPNH	reviewed	30S ribosomal protein S3	rpsC H16_A3478	Cupriavidus necator (strain ATCC 17699 / H16 / DSM 428 / Stanier 337) (Ralstonia eutropha)	265	29805	1	MGQKIHPTGFRLAVSRNWASRWYASNTKFAGMLKEDIEVRDFLKKKLKNASVGRVVIERPARNARITIYSSRPGVVIGKKGEDIELLKAELQRRMGVPVHVNIEEIRKPETDAQLIADSITQQLERRIMFRRAMKRAMQNAMRLGAQGIKIMSAGRLNGIEIARTEWYREGRVPLHTLRADIDYGFSEAETTYGIIGVKVWVYKGDHLGRNDAPVVEEPQDDRRRRPGRPEGRRREGEGRPGGNRRGGAGAGRRAAPGADAKSGE				381666
Q0K610	RS7_CUPNH	reviewed	30S ribosomal protein S7	rpsG H16_A3493	Cupriavidus necator (strain ATCC 17699 / H16 / DSM 428 / Stanier 337) (Ralstonia eutropha)	156	17632	1	MPRRREVPKRDVLPDPKFGNVEVAKFMNVLMLDGKKSVAERIVYGAFDQIEKKAGKAPIEVFSVAINNVKPVVEVKSRRVGGANYQVPVEVRPSRRLALAMRWLREAAKKRSEKSMALRLAGELLEASEGRGGAMKKRDEVHRMAEANKAFSHFRF				381666
Q0K630	RL24_CUPNH	reviewed	50S ribosomal protein L24	rplX H16_A3473	Cupriavidus necator (strain ATCC 17699 / H16 / DSM 428 / Stanier 337) (Ralstonia eutropha)	102	10645	1	MNKIRKGDEVIVLTGKDKGKRGTVQAVLGDKVAVQGVNIAKKHARPNPMLGTTGGVVDKVMPLHISNVALVDANGKPSRVGIKVEDGKRVRVLKTTGAVVAA				381666
Q0KCT5	RS15_CUPNH	reviewed	30S ribosomal protein S15	rpsO H16_A1044	Cupriavidus necator (strain ATCC 17699 / H16 / DSM 428 / Stanier 337) (Ralstonia eutropha)	89	10273	1	MAVADINKSEVIKQFARGANDTGSPEVQVALLTTRINELTPHFKANMKDHHSRRGLLRMVSRRRRLLDYLKSNDADRYRALIEKLGLRK				381666
Q0K620	RL4_CUPNH	reviewed	50S ribosomal protein L4	rplD H16_A3483	Cupriavidus necator (strain ATCC 17699 / H16 / DSM 428 / Stanier 337) (Ralstonia eutropha)	206	22955	1	MELKLLQDNGQIGAGVDASPEVFGRDYNEALVHQIVVAYQANARSGNRKQKDREEVKHTTKKPWRQKGTGRARAGMSSSPLWRGGGRIFPNSPEENFTQKVNKKMFRAGMRSIYSQLAREGRINVVDGFTVDAPKTKLLADKFKAMGLDSVLIITDSLDENLYLASRNLPHVAVVEPRQADPLSLVHYKKVLVTKAAVAQIEELLK				381666
Q0K613	RS10_CUPNH	reviewed	30S ribosomal protein S10	rpsJ H16_A3490	Cupriavidus necator (strain ATCC 17699 / H16 / DSM 428 / Stanier 337) (Ralstonia eutropha)	102	11678	1	MQNQKIRIRLKAFDYRLIDQSAAEIVDTAKRTGAIVKGPVPLPTRIQRFDILRSPHVNKTSRDQFEIRTHQRLMDIVDPTDKTVDALMKLDLPAGVDVEIKV				381666
Q0K629	RL14_CUPNH	reviewed	50S ribosomal protein L14	rplN H16_A3474	Cupriavidus necator (strain ATCC 17699 / H16 / DSM 428 / Stanier 337) (Ralstonia eutropha)	122	13335	1	MIQTESRLEVADNTGAREVLCIKVLGGSKRRYASVGDIIKVTVKDAAPRGRVKKGDIYNAVVVRTAKGVRRADGSLIKFDGNAAVLLNNKLEPIGTRIFGPVTRELRTERFMKIVSLAPEVL				381666
Q0K602	RL11_CUPNH	reviewed	50S ribosomal protein L11	rplK H16_A3501	Cupriavidus necator (strain ATCC 17699 / H16 / DSM 428 / Stanier 337) (Ralstonia eutropha)	143	14822	1	MAKKIIGFIKLQIPAGKANPSPPVGPALGQRGLNIMEFCKAFNAQTQGMEPGLPVPVVITAFADKSFTFVMKSPPATVLIKKAAGITKGSPKPHTDKVGKITRAQAEEIAKAKNADLTAADLDAAVRTIAGSARSMGITVEGL				381666
Q0K642	RS13_CUPNH	reviewed	30S ribosomal protein S13	rpsM H16_A3461	Cupriavidus necator (strain ATCC 17699 / H16 / DSM 428 / Stanier 337) (Ralstonia eutropha)	121	13610	1	MARIAGVNIPNHKHTEIGLTAIYGVGRSRARKICEATGVPFDKKVKDLTDADLEKLRDEVGKVTVEGDLRRETTMNIKRLMDLGCYRGMRHRKGLPMRGQRTRTNARTRKGPRKAGVALKK				381666
Q0K626	RL16_CUPNH	reviewed	50S ribosomal protein L16	rplP H16_A3477	Cupriavidus necator (strain ATCC 17699 / H16 / DSM 428 / Stanier 337) (Ralstonia eutropha)	138	15590	1	MLQPKRRKYRKEQKGRNTGKATRGNAVSFGEFGLKAMGRGRLTARQIESARRAMTRHIKRGGRIWIRIFPDKPISKKPAEVRMGNGKGNPEYYVAEIQPGKMLYEMDGVSEDLAREAFRLAAAKLPIATNFVVRQVGT				381666
Q0K622	RL2_CUPNH	reviewed	50S ribosomal protein L2	rplB H16_A3481	Cupriavidus necator (strain ATCC 17699 / H16 / DSM 428 / Stanier 337) (Ralstonia eutropha)	276	30177	1	MALVKTKPTSPGRRSMVKVVNKDLHKGAPHAPLLEKQFQKSGRNNNGHITTRHKGGGHKHHYRVVDFKRNDKDGIPARVERLEYDPNRSANIALVLFADGERRYIIATKGMVAGQPLMNGSEAPIKAGNNLPIRNIPVGTTINNVEMLPGKGSQIARAAGGSAVLLAREGLYAQVRLRSGEVRRVHIECRATIGEVGNEEHSLRVIGKAGATRWRGIRPTVRGVVMNPVDHPHGGGEGKTAAGRDPVSPWGTPAKGYRTRSNKRTDSMIVQKRHKR				381666
Q0K631	RL5_CUPNH	reviewed	50S ribosomal protein L5	rplE H16_A3472	Cupriavidus necator (strain ATCC 17699 / H16 / DSM 428 / Stanier 337) (Ralstonia eutropha)	180	20234	1	MAARLQEFYKEQVVPKLIEQFGYKSVMEVPRITKITLNMGLGEAINDKKIIENAVGDLTKIAGQKPVVTKAKKAIAGFKIRQGYPIGAMVTLRGERMFEFLDRFVTVALPRVRDFRGVSGRSFDGRGNYNIGVKEQIIFPEIEYDKIDALRGLNISITTTAKNDEEAKALLGAFKFPFRN				381666
Q0K604	RL10_CUPNH	reviewed	50S ribosomal protein L10	rplJ H16_A3499	Cupriavidus necator (strain ATCC 17699 / H16 / DSM 428 / Stanier 337) (Ralstonia eutropha)	173	17992	1	MPLNIEDKKAVVAEVSAQVAKAQTIVVAEYRGITVGDLTKLRSTARQQGVYLRVLKNTLARRAVEGTPFASLAEQMTGPLIYGISEDAVSSAKVLNDFAKTNDKLVLRAGSYDGKVLDAAAVKALASIPSRDELIAQLLGVMQAPVSGFARLLAALAAKNAEGAPAEAEAAGA				381666
Q0KDH6	Q0KDH6_CUPNH	unreviewed	30S ribosomal protein S1	rpsA H16_A0798	Cupriavidus necator (strain ATCC 17699 / H16 / DSM 428 / Stanier 337) (Ralstonia eutropha)	564	61633	1	MSDLQTNESFAALFEESVARSNMKAGEVISAEVVRIDHNFVVVNAGLKSEAFVPVEEFLNDQGELEVQAGDYVSVAIDALENGYGDTILSRDKAKRLASWLNLEKALEDGEIISGTVTGKVKGGLTVMVNGIRAFLPGSLVDVRPIKDTTPYEGKTLEFKVIKLDRKRNNVVLSRRAVVEATLGEERQKLMETLKEGAIVNGIVKNITDYGAFVDLGGIDGLLHITDLAWRRVRHPSEVLSVGQEITAKILKFDQEKNRVSLGVKQLGEDPWVGISRRYPQGTRLFGKVTNLTDYGAFVEIEAGIEGLVHVSEMDWTNKNVAPSKVVQLGDEVEVMVLDIDEDKRRISLGMKQCKANPWDDFSRNHKKGDKLAGQIKSITDFGVFIGLPGGIDGLVHLSDLSWQETGEEAVRKYKKGDEVEAVVLGIDVDKERISLGIKQLSGDPFNNFISANDKGSLVQGTIKAVDAKGAVVQLADDVEGYLRASEISADRVEDARNVLKEGEQITALVVNVDRKSRNINLSIKAKDSAEQQEAMQKFQADTGTAGTTNLGALLKAKLGQDNQ				381666
Q0JZY1	Q0JZY1_CUPNH	unreviewed	Translation elongation factor G (EF-G)	H16_B1911	Cupriavidus necator (strain ATCC 17699 / H16 / DSM 428 / Stanier 337) (Ralstonia eutropha)	684	73897	1	MHDSPDAIRTVALLGHAGCGKTSLVEALLHKGGALHTPGSVERGSTVCDSDPLERKYKRSLTTAAAHLHYRDTRIYLLDTPGYPDFSGLAISALAAVETAAIVINAQTGIEMTTRRAMAWAQARQLCRMIIVNGIDGDKVDLPALLADIQEAFGKECLPINLPAGNGSQVVDCFFNPAGESDFLSVPAAHDALIDQVIEIDPELMELYLEQGEAITPEQLHAPFERALREGHLVPICFTSAATGAGITELLDVFVQLLPNPTEGNPPLFYRDTGDGSEHRKAVRAEPVPDKHVLAHVFKVVIDPYVGKLAVFRIHQGTVTRDSQLYIGDGRQPFKVAHLLRLQGKETQEIPRAGPGDICAVAKVDELGFDAVLHDATEDGNIHLTPLEFPTPIYGLAIEPARRGNEQRLAEVLHKLSAEDPCLRVEHPVGTNETVVFGLGEFHLRCALERLTEQYKLEVVTRPPKIAYRETIGGKAEGHHRHKKQTGGAGQFGEVMLRVEPLARGEGFDFVDAVKGGAIPGQFIPAVEKGIRQVLDSGPLAGFPMQDVRVTVYDGKSHPVDSKEVAFATAGRKAFIDAVLKARPSVLEPIVDIEVTAPGTAMGDIIGDLSTKRGQVHGTRTAVGNAVVVAGQVPLSELNDYQSRLNSITGGHGSYTIQFSHYDNVPPAQQDKMASKHKAQQDTD				381666
Q0K864	Q0K864_CUPNH	unreviewed	30S ribosomal protein S21	rpsU rpsU2 H16_A2728	Cupriavidus necator (strain ATCC 17699 / H16 / DSM 428 / Stanier 337) (Ralstonia eutropha)	70	8577	1	MTTIRLKENEPFEVAMRRFKRTIEKNGLLPELRAREFYEKPTAARKRRKAAAEKRHYKRIRSQMLPKKLY				381666
Q0K781	Q0K781_CUPNH	unreviewed	30S ribosomal protein S20	rpsT H16_A3065	Cupriavidus necator (strain ATCC 17699 / H16 / DSM 428 / Stanier 337) (Ralstonia eutropha)	88	9418	1	MANSAQARKRARQAVAQNAHNSSLRSRLRTAVKAVRKAIDAGDKAAAAEIFKNSQAVIDSIADKKIVHKNKAARHKSRLSAAIKSMAA				381666
Q0K8I8	Q0K8I8_CUPNH	unreviewed	30S ribosomal protein S21	rpsU rpsU1 H16_A2601	Cupriavidus necator (strain ATCC 17699 / H16 / DSM 428 / Stanier 337) (Ralstonia eutropha)	70	8356	1	MTKIVLKPGEPVEVAMRRFRRAILQTGLIVELKSRTAYEKPTTERKRKKKAAEARLRKRLRMQMLPKKMY				381666
Q0K611	Q0K611_CUPNH	unreviewed	Elongation factor G (EF-G)	fusA fusA1 H16_A3492	Cupriavidus necator (strain ATCC 17699 / H16 / DSM 428 / Stanier 337) (Ralstonia eutropha)	702	77385	1	MARKTPIERYRNIGISAHIDAGKTTTTERILFYTGVNHKIGEVHDGAATMDWMEQEQERGITITSAATTAFWKGMAGNYPEHRFNIIDTPGHVDFTIEVERSMRVLDGACMVYCAVGGVQPQSETVWRQANKYKVPRLAFVNKMDRTGANFFKVYDQLKTRLKANPVPVVVPIGAEDGFQGVVDLLEMKAIIWDEASQGVKFEYQDIPAELQATADEWREKMVESAAEASEELMEKYLGGEELTRAEIVKALRDRTIACEIQPMLCGTAFKNKGVQRMLDAVIDFLPSPVDIPPVTGTDEDDSEKKLERKADDNEKFSALAFKIMTDPFVGQLIFFRVYSGKINSGDTVYNPVKSKKERLGRILQMHANQREEIKEVLAGDIAAAVGLKDATTGDTLCDPAAPIVLERMVFPEPVISQAVEPKTKADQEKMGIALNRLAAEDPSFRVRTDEESGQTIISGMGELHLEILVDRMKREFGVEANIGAPQVAYRETIRKTAEGVEGKFVKQSGGRGQYGHAVITLEPQEPGKGFEFIDAIKGGVIPREYIPAVEKGIVDTLPNGILAGFPVVDVKVTLTFGSYHDVDSNENAFRMAGSMAFKEAMRKASPVLLEPMMAVEVETPEDYTGTVMGDLSSRRGIVQGMDDMVGGGKIIKAEVPLSEMFGYSTSLRSATQGRATYTMEFKHYAEAPKNIAEAVMSAKGK				381666
Q0KBZ2	Q0KBZ2_CUPNH	unreviewed	Translation initiation factor IF-3	infC H16_A1340	Cupriavidus necator (strain ATCC 17699 / H16 / DSM 428 / Stanier 337) (Ralstonia eutropha)	140	16265	1	MDALRLAEDKDLDLVEIAPNAVPPVARIMDYGKFKYEEAKRAHEAKLKQKIIQVKEVKFRPGTDDGDYNVKLRNLKRFLEDGDKTKITLRFRGREMAHQEIGARMLERLKADLEEIGQVEQMPKMEGRQMVMVLAPKKKK				381666
Q0K4Z4	Q0K4Z4_CUPNH	unreviewed	Elongation factor G (EF-G)	fusA fusA2 H16_B0124	Cupriavidus necator (strain ATCC 17699 / H16 / DSM 428 / Stanier 337) (Ralstonia eutropha)	701	77431	1	MPRKTPIERYRNIGISAHIDAGKTTTTERILFYTGVNHKLGEVHDGAATMDWMEQEQERGITITSAATTAFWKGMAGNYPEHRINIIDTPGHVDFTIEVERSMRVLDGACMVYDAVGGVQPQSETVWRQANKYAVPRIAFVNKMDRVGADFFRVQTQIADRLKGRAVPIQIPLGAEDHFQGVVDLVKMKAIVWDDASQGVRFAYQDIPADLLATAQEWRDKMVEAAAEADETLLNQYLSGEPLTEEQIKRGLRKRTIANEIVPMLCGSAFKNKGVQSMLDAVIDYLPSPADVPAILGHTEDDREAERHPNDDEPFAALAFKIMTDPFVGQLIFFRVYSGVVKSGDTVYNPVKAKRERLGRILQMHANVRQEIKEVRAGDIAAAVGLKEATTGDTLCDPDKVIILERMSFPEPVISQAVEPRTKADQEKMGIALNRLAQEDPSFRVTTDEESGQTIISGMGELHLEILVDRMRREFGVEASVGKPQVAYRETIRQPVKDVEGKFIKQSGGRGQYGHVVLNLEPMPHGGGYEFVDAIKGGVVPREFIPAVDKGIRETLQSGVLAGYPIVDIKATLVFGSYHDVDSNENAFRMAGSMAFKEGMRRARPVLLEPMMAVEVETPEEFTGNVMGDLSSRRGMVHGMEDIAGGGGKIVRAEVPLATMFGYSTTLRSLTQGRATYTMEFKHYAEAPANVAEAVISTKRG				381666
Q0K929	RL31B_CUPNH	reviewed	50S ribosomal protein L31 type B	rpmE2 H16_A2397	Cupriavidus necator (strain ATCC 17699 / H16 / DSM 428 / Stanier 337) (Ralstonia eutropha)	86	9847	1	MKEGIHPNYREVVFQDMSSDFSFITRSTIQTKDKIVKDGKEYPLAKIEVSSESHPFYTGTQKIMDTAGRVEKFRQKFGNKLGKAAK				381666
Q0K9E7	RS18_CUPNH	reviewed	30S ribosomal protein S18	rpsR H16_A2277	Cupriavidus necator (strain ATCC 17699 / H16 / DSM 428 / Stanier 337) (Ralstonia eutropha)	92	10891	1	MAFVKRDNKNKKRFQQQNPLFKRKRFCRFTVAGVEQIDYKDLDTLKDFIGDNGKITPARLTGTKAHYQRQLDTAIKRARFLALMPYTDLHKN				381666
Q0K6P5	RL27_CUPNH	reviewed	50S ribosomal protein L27	rpmA H16_A3251	Cupriavidus necator (strain ATCC 17699 / H16 / DSM 428 / Stanier 337) (Ralstonia eutropha)	86	8889	1	MAQKKGGGSTRNGRDSESKRLGVKVFGGQAINAGGIIIRQRGTRVHAGDNVGVGKDHTLFALVDGHVQFAVKGPAKKQQVSVVPAA				381666
Q0K641	RL36_CUPNH	reviewed	50S ribosomal protein L36	rpmJ H16_A3462	Cupriavidus necator (strain ATCC 17699 / H16 / DSM 428 / Stanier 337) (Ralstonia eutropha)	38	4378	1	MKVLASVKRICRNCKIIKRNGVVRVICSSDPRHKQRQG				381666
Q0K7B1	RL33_CUPNH	reviewed	50S ribosomal protein L33	rpmG H16_A3035	Cupriavidus necator (strain ATCC 17699 / H16 / DSM 428 / Stanier 337) (Ralstonia eutropha)	56	6417	1	MASKGGRDKIKLESTAGTGHFYTTTKNKRTMPEKMEIMKFDPVARKHVAYKETKIK				381666
Q0KBZ1	RL35_CUPNH	reviewed	50S ribosomal protein L35	rpmI H16_A1341	Cupriavidus necator (strain ATCC 17699 / H16 / DSM 428 / Stanier 337) (Ralstonia eutropha)	65	7549	1	MPKMKTKKSASKRFTARPNGSFKRGQAFKRHILTKKTTKNKRQLRGTQDVHETNLKSVRAMMPYA				381666
Q0K605	RL7_CUPNH	reviewed	50S ribosomal protein L7/L12	rplL H16_A3498	Cupriavidus necator (strain ATCC 17699 / H16 / DSM 428 / Stanier 337) (Ralstonia eutropha)	124	12534	4	MAITKDDILEAVGAMSVMELNDLVKAFEEKFGVSAAAMAVAAAPGAGGAAAAEEQTEFNVILAEVGANKVGVIKAVREITGLGLKEAKDLVDGAPKPVKEGVDKAAAAEAKKKLEDAGAKVDVK				381666
Q0KD81	RS16_CUPNH	reviewed	30S ribosomal protein S16	rpsP H16_A0894	Cupriavidus necator (strain ATCC 17699 / H16 / DSM 428 / Stanier 337) (Ralstonia eutropha)	84	9246	1	MVVIRLARGGSKKRPFFNIVATDSRNRRDGRFIERVGFYNPLATEGEEGLRLAQDRLAYWQGVGAQLSPTVARLVKQGAAKAAA				381666
Q0K634	RL6_CUPNH	reviewed	50S ribosomal protein L6	rplF H16_A3469	Cupriavidus necator (strain ATCC 17699 / H16 / DSM 428 / Stanier 337) (Ralstonia eutropha)	177	18997	1	MSRVGKAPIALPKGAEVNVAAGVLSVKGPLGTLSQPIHSLVKVNVENDTLTFSPADESREANALQGTMRALVANMVKGVTTGFERKLNLVGVGYRAQLQGAALKLQLGFSHDVIHEMPEGVKAETPTQTEIIIKGADKQKVGQVAAEVRAYRPPEPYKGKGVRYSDERVILKETKKK				381666
Q0K623	RS19_CUPNH	reviewed	30S ribosomal protein S19	rpsS H16_A3480	Cupriavidus necator (strain ATCC 17699 / H16 / DSM 428 / Stanier 337) (Ralstonia eutropha)	91	10154	1	MTRSAKKGPFCDAHLLKKVEVASSGKDKKPIKTWSRRSTILPEFIGLTIAVHNGRQHVPVYVTENMVGHKLGEFAITRTFKGHAADKKAKR				381666
Q0K619	RL3_CUPNH	reviewed	50S ribosomal protein L3	rplC H16_A3484	Cupriavidus necator (strain ATCC 17699 / H16 / DSM 428 / Stanier 337) (Ralstonia eutropha)	216	22754	1	MSLGLVGRKVGMTRIFTDDGEAIPVTVVEVGDNRVTQIKTDETDGYTAVQVTFGARRASRVTKPLAGHLAKAGVEAGEIIREFRIDAAKAAELQAGGSLSVDLFEVGQKIDVQGVTIGKGYAGTIKRYHFASGRATHGNSRSHNVPGSIGMAQDPGRVFPGKRMTGHLGDVTRTVQNLEIAKIDAERKLLLVKGAIPGSKNGKVIVTPAVKAKAKA				381666
Q0K621	RL23_CUPNH	reviewed	50S ribosomal protein L23	rplW H16_A3482	Cupriavidus necator (strain ATCC 17699 / H16 / DSM 428 / Stanier 337) (Ralstonia eutropha)	104	11763	1	MTQVAKNDHRLMQVLLAPVVSEKATLVADKNEQVVFEVARDANKAEVKAAVELLFKVEVQSVQILNQKGKQKRFGRFMGRRNHVKKAYVSLKPGQEINFEAEAK				381666
Q0KED9	RL13_CUPNH	reviewed	50S ribosomal protein L13	rplM H16_A0482	Cupriavidus necator (strain ATCC 17699 / H16 / DSM 428 / Stanier 337) (Ralstonia eutropha)	142	16110	1	MKTFSAKPHEVKRDWYVIDATDKVLGRVASEVARRLRGKHKPEFTPHVDTGDYIIIVNAAKLRVTGTKETDKKYYRHSGYPGGIYETTFGKMQQRFPGRALEKAVKGMLPKGPLGYAMIKKLKVYAEAEHPHEAQQPKALEI				381666
Q0K638	RL15_CUPNH	reviewed	50S ribosomal protein L15	rplO H16_A3465	Cupriavidus necator (strain ATCC 17699 / H16 / DSM 428 / Stanier 337) (Ralstonia eutropha)	144	14982	1	MQLNNLKPAAGSKHAKRRVGRGIGSGLGKTAGRGHKGQKSRSGGFHKVGFEGGQMPLYRRLPKRGFTSLTKAFNAEVTLRDIERLEAAEVDLLVLKQAGLVGELVKSAKVIKAGELTRKVTIKGLGATAGAKAAIEAAGGQIAA				381666
Q0KBZ0	RL20_CUPNH	reviewed	50S ribosomal protein L20	rplT H16_A1342	Cupriavidus necator (strain ATCC 17699 / H16 / DSM 428 / Stanier 337) (Ralstonia eutropha)	118	13513	1	MPRVKRGVTARARHKKVIDAAKGYRGRRNNVYRIAKQAVMRAGQYAYRDRRNKKRVFRALWIARINAATREHGMTYSVFMNGLKKASIELDRKVLSDMAIHDKPAFAAIVNQVKATVA				381666
Q0K5B8	RL34_CUPNH	reviewed	50S ribosomal protein L34	rpmH H16_A3747	Cupriavidus necator (strain ATCC 17699 / H16 / DSM 428 / Stanier 337) (Ralstonia eutropha)	44	5223	1	MKRTYQPSVTRRKRTHGFRVRMKTRGGRAVINARRAKGRKRLAI				381666
Q0K632	RS14_CUPNH	reviewed	30S ribosomal protein S14	rpsN H16_A3471	Cupriavidus necator (strain ATCC 17699 / H16 / DSM 428 / Stanier 337) (Ralstonia eutropha)	101	11651	1	MAKLALIEREKKRAKLVAKYAAKRANLKAIIDDQEKSEEERYSARLELQQLPRNANPTRQRNRCAITGRPRGTFRKFGLARNKIREIAFKGEIPGLTKASW				381666
Q0K643	RS11_CUPNH	reviewed	30S ribosomal protein S11	rpsK H16_A3460	Cupriavidus necator (strain ATCC 17699 / H16 / DSM 428 / Stanier 337) (Ralstonia eutropha)	132	13977	1	MAKGPNNAARARKKVKKNVADGIAHVHASFNNTIITITDRQGNALSWATAGGQGFKGSRKSTPFAAQVAAENAGRVAQDQGIKNLEVRIKGPGPGRESAVRALNALGIKIAIIEDVTPIPHNGCRPPKRRRI				381666
Q0KA16	RS2_CUPNH	reviewed	30S ribosomal protein S2	rpsB H16_A2055	Cupriavidus necator (strain ATCC 17699 / H16 / DSM 428 / Stanier 337) (Ralstonia eutropha)	248	27327	1	MSVTMREMLEAGCHFGHQTRFWNPKMAPFIFGHRNKIHIINLEKTLPMFQDAMKYVRQLAANRGTILFVGTKRQSREILAEEAGRAGMPYVDARWLGGMLTNFKTVKTSIKRLKDMEAAKEAGALETMSKKEALMFEREMLKLEKSIGGIKDMGGVPDAIFVVDVGYHKIAVTEANKLGVPVIGVVDTNHSPEGIDYVIPGNDDSSKAVALYVRGVADAILEGRANAVQEVVEAARGGDDEFVEVQEG				381666
Q0K8L7	RL32_CUPNH	reviewed	50S ribosomal protein L32	rpmF H16_A2571	Cupriavidus necator (strain ATCC 17699 / H16 / DSM 428 / Stanier 337) (Ralstonia eutropha)	59	6657	1	MAVQQNKKSPSKRGMHRSHDHLSAAPLAVEPTTGETHLRHHVSPNGYYRGRKVIKTKND				381666
Q0K9E8	RL9_CUPNH	reviewed	50S ribosomal protein L9	rplI H16_A2276	Cupriavidus necator (strain ATCC 17699 / H16 / DSM 428 / Stanier 337) (Ralstonia eutropha)	150	15847	1	MQIILLEKVINLGNLGDIVKVKDGYARNFLIPGKKARRATQTAIAEFEVKRAELEKAAAEKLAAAQAEGEKLSGLSVQISQKSGVDGRLFGSVTNADIAEALAGQGFKLEKAQVRMPNGPLKMVGDHPVSVALHTDVVVDVTVSVVGESV				381666
Q0KA17	EFTS_CUPNH	reviewed	Elongation factor Ts (EF-Ts)	tsf H16_A2054	Cupriavidus necator (strain ATCC 17699 / H16 / DSM 428 / Stanier 337) (Ralstonia eutropha)	292	30940	1	MAAITASMVAELRAKTDAPMMECKKALTEADGDLDKAEELLRVKLGNKASKAASRVTAEGVVASFIDGTTGVLVELNCETDFVSKNDDFLAFSAKVAELIAKQNPADVAALSALEIDGVSVEATRTALIGKIGENLTIRRFARYANGGKLVSYLHGTRIGVMVEFDGDEAAAKDVAMHVAAMKPVSLSAEQVPADLIAKERSIAEQKAAESGKPAEIVAKMVEGSVQKYLKEVSLFNQPFVKNDKQTVEQMLKAANTTVKGFTLFVVGEGIEKKQDDFAAEVAAQVAAAQKG				381666
Q0K8N9	EFP_CUPNH	reviewed	Elongation factor P (EF-P)	efp H16_A2549	Cupriavidus necator (strain ATCC 17699 / H16 / DSM 428 / Stanier 337) (Ralstonia eutropha)	186	20984	1	MKIAQELRVGNVFMIGGDPMVVQKAEYNKSGRNAAVVKMKYKNLLTDAPGESVFKADDKFEVVVLERRECTYSYFADPMYVFMDADYNQYEVEKDSMGDSLNYLEDGMNVEVVFYNDKAISVEMPTTLVREIVYTEPAVKGDTSSGKVLKGAKINTGFELQVPLFCNIGDKIEIDTRTGEYRSRAN				381666
Q0K637	RL30_CUPNH	reviewed	50S ribosomal protein L30	rpmD H16_A3466	Cupriavidus necator (strain ATCC 17699 / H16 / DSM 428 / Stanier 337) (Ralstonia eutropha)	60	6690	1	MSQKTVKVQLVRSLIGTREDHRATVRGLGLRRINSVSELQDTPAVRGMINKVSYLVKVLA				381666
Q0K9E5	RS6_CUPNH	reviewed	30S ribosomal protein S6	rpsF H16_A2279	Cupriavidus necator (strain ATCC 17699 / H16 / DSM 428 / Stanier 337) (Ralstonia eutropha)	124	14322	1	MRHYEIVFIVHPDQSEQVPAMIERYKQLVTSQNGNVHRVEDWGRRQMAYMIQKLAKAHYVCLNIECGKETLAELEHAFKFNDAVLRHLIVQTKKAETAPSPMMKEVQREEARKAAQTTTEGQAA				381666
Q0K646	RL17_CUPNH	reviewed	50S ribosomal protein L17	rplQ H16_A3457	Cupriavidus necator (strain ATCC 17699 / H16 / DSM 428 / Stanier 337) (Ralstonia eutropha)	131	15050	1	MRHRHGLRKLNRTSSHRLAMLRNMSNSLFQHELIKTTVPKAKELRKVVEPLITLAKKDTVANRRLAFARLRDRDMVTKLFTELGPRYATRPGGYTRILKFGFRQGDNAPMALVELVDRPEITEAPAEEAAE				381666
Q0K633	RS8_CUPNH	reviewed	30S ribosomal protein S8	rpsH H16_A3470	Cupriavidus necator (strain ATCC 17699 / H16 / DSM 428 / Stanier 337) (Ralstonia eutropha)	131	14098	1	MSMSDPIADMLTRIRNAQGVQKASVVMPSSKLKVAIAKVLKDEGYIDDYAVQEDGGKAQLSIGLKYYAGRPVIERIERVSKPGLRVYKGRSDIPQVMNGLGVAIISTPQGLMTDRKARATGVGGEVLCYVA				381666
Q0KED8	RS9_CUPNH	reviewed	30S ribosomal protein S9	rpsI H16_A0483	Cupriavidus necator (strain ATCC 17699 / H16 / DSM 428 / Stanier 337) (Ralstonia eutropha)	130	14478	1	MIGNWNYGTGRRKSAVARVFIKSGKGDIIVNGKPIKEYFARETSLMIVRQPLELTAHAETFDIKVNVTGGGETGQAGAVRHGITRALIDYDATLKSALSKAGYVTRDAREVERKKVGFHKARRRKQFSKR				381666
Q0KD78	RL19_CUPNH	reviewed	50S ribosomal protein L19	rplS H16_A0897	Cupriavidus necator (strain ATCC 17699 / H16 / DSM 428 / Stanier 337) (Ralstonia eutropha)	130	14412	1	MNIIEQIEKEEIARLTANKTIPAFAPGDTVVVSVNVVEGNRKRVQAYEGVVIAKRNRGLNSSFIVRKISSGEGVERTFQLYSPLIAAIEVKRRGDVRRAKLYYLRQRSGKSARIKEKLVSKAAVAAKAAQ				381666
Q0K635	RL18_CUPNH	reviewed	50S ribosomal protein L18	rplR H16_A3468	Cupriavidus necator (strain ATCC 17699 / H16 / DSM 428 / Stanier 337) (Ralstonia eutropha)	119	12924	1	MMNKKDARLRRARQTRAKIAEMKVNRLTVFRTNSHIYAQVFSECGTKVLASASTAEVEVRKELDGKGATAAAATVVGKRIAEKAKAAGVETVAFDRAGFRFHGRVKALADAAREAGLKF				381666
Q0K7B2	RL28_CUPNH	reviewed	50S ribosomal protein L28	rpmB H16_A3034	Cupriavidus necator (strain ATCC 17699 / H16 / DSM 428 / Stanier 337) (Ralstonia eutropha)	77	8707	1	MARVCQVTGKAPMVGNNVSHANNKTKRRFLPNLQNRRFFVESENRWVSLRVSNAGLRLIDKKGIDSVLADLRARGEV				381666
Q0K6P4	RL21_CUPNH	reviewed	50S ribosomal protein L21	rplU H16_A3252	Cupriavidus necator (strain ATCC 17699 / H16 / DSM 428 / Stanier 337) (Ralstonia eutropha)	103	11390	1	MYAVVKTGGKQYKVAAGEKLKVEQIPADIGAEITLDQVLAVGAGDQIKFGTPLVSGASVKATVISQGRHDKVKIFKMRRRKHYQKRQGHRQNYTELRIEAIVA				381666
Q0K628	RS17_CUPNH	reviewed	30S ribosomal protein S17	rpsQ H16_A3475	Cupriavidus necator (strain ATCC 17699 / H16 / DSM 428 / Stanier 337) (Ralstonia eutropha)	92	10609	1	MTEAAQTEKSLRRTLVGRVVSDKMDKTVTVLVENRVKHPLYGKYVLRSKKYHAHDEANQYKEGDKVEIQEGRPLSRTKSWVVSRLVEAARVI				381666
Q0K627	RL29_CUPNH	reviewed	50S ribosomal protein L29	rpmC H16_A3476	Cupriavidus necator (strain ATCC 17699 / H16 / DSM 428 / Stanier 337) (Ralstonia eutropha)	64	7183	1	MKASELRGKDAAGLNQELSELLKAQFSLRMQKATQQLQNTSQLKKVRKDIARVQTVLTQKANAK				381666
